{"cameraMode":{"drawMode":0,"name":"Shaded","section":"Shading Mode"},"sceneLighting":true,"audioPlay":false,"sceneViewState":{"showFog":true,"showMaterialUpdate":true,"showSkybox":true,"showFlares":true,"showImageEffects":true,"showParticleSystems":true},"in2DMode":false,"pivot":{"x":-3.1381120681762697,"y":5.571955680847168,"z":0.46749913692474368},"rotation":{"x":0.26816245913505556,"y":0.21029657125473023,"z":-0.06010717898607254,"w":0.9382182359695435},"size":7.045162200927734,"orthographic":false}