{"cameraMode":{"drawMode":0,"name":"Shaded","section":"Shading Mode"},"sceneLighting":true,"audioPlay":false,"sceneViewState":{"showFog":true,"showMaterialUpdate":true,"showSkybox":true,"showFlares":true,"showImageEffects":true,"showParticleSystems":true},"in2DMode":false,"pivot":{"x":-2.730494499206543,"y":5.482576847076416,"z":-0.7385849952697754},"rotation":{"x":0.14507757127285005,"y":0.49791520833969118,"z":-0.08490578830242157,"w":0.8507794141769409},"size":2.124575614929199,"orthographic":false}