{"cameraMode":{"drawMode":0,"name":"Shaded","section":"Shading Mode"},"sceneLighting":true,"audioPlay":false,"sceneViewState":{"showFog":true,"showMaterialUpdate":true,"showSkybox":true,"showFlares":true,"showImageEffects":true,"showParticleSystems":true},"in2DMode":false,"pivot":{"x":2.727118968963623,"y":2.1848485469818117,"z":10.972894668579102},"rotation":{"x":0.15341779589653016,"y":0.8288878202438355,"z":-0.2750508189201355,"w":0.4623364508152008},"size":2.7466485500335695,"orthographic":false}